<?xml version="1.0"?>
<ruleset name="Custom Rules" xmlns="http://pmd.sourceforge.net/ruleset/2.0.0" xmlns:xsi="http://www.w3.org/2001/XMLSchema-instance"
    xsi:schemaLocation="http://pmd.sourceforge.net/ruleset/2.0.0 https://pmd.sourceforge.io/ruleset_2_0_0.xsd">
    <description>PMD Rules</description>
    <rule ref="category/java/bestpractices.xml">
        <exclude name="AbstractClassWithoutAbstractMethod"/>
        <exclude name="AvoidPrintStackTrace"/>
        <exclude name="AvoidReassigningParameters"/>
        <exclude name="ConstantsInInterface"/>
        <exclude name="JUnitAssertionsShouldIncludeMessage"/>
        <exclude name="JUnitTestContainsTooManyAsserts"/>
        <exclude name="JUnitTestsShouldIncludeAssert"/>
        <exclude name="JUnitUseExpected"/>
        <exclude name="SystemPrintln"/>
        <exclude name="UseVarargs"/>
    </rule>
    <rule ref="category/java/bestpractices.xml/AvoidReassigningLoopVariables">
        <properties>
            <property name="foreachReassign" value="allow"/>
            <property name="forReassign" value="skip"/>
        </properties>
    </rule>
    <rule ref="category/java/bestpractices.xml/GuardLogStatement">
        <properties>
            <property name="logLevels" value="trace,debug,log,finest,finer,fine"/>
        </properties>
    </rule>
    <rule ref="category/java/codestyle.xml">
        <exclude name="AtLeastOneConstructor"/>
        <exclude name="BooleanGetMethodName"/>
        <exclude name="CommentDefaultAccessModifier"/>
        <exclude name="ConfusingTernary"/>
        <exclude name="DefaultPackage"/>
        <exclude name="LongVariable"/>
        <exclude name="MethodArgumentCouldBeFinal"/>
        <exclude name="OnlyOneReturn"/>
        <exclude name="PrematureDeclaration"/>
        <exclude name="ShortVariable"/>
        <exclude name="TooManyStaticImports"/>
        <exclude name="UselessParentheses"/>
        <exclude name="UseUnderscoresInNumericLiterals"/>
    </rule>
    <rule ref="category/java/codestyle.xml/ClassNamingConventions">
        <properties>
            <property name="utilityClassPattern" value="[A-Z][a-zA-Z0-9]*"/>
        </properties>
    </rule>
    <rule ref="category/java/codestyle.xml/ShortClassName">
        <properties>
            <property name="minimum" value="3"/>
        </properties>
    </rule>
    <rule ref="category/java/errorprone.xml">
        <exclude name="AvoidDuplicateLiterals"/>
        <exclude name="AvoidFieldNameMatchingMethodName"/>
        <exclude name="AvoidLiteralsInIfCondition"/>
        <exclude name="BeanMembersShouldSerialize"/>
        <exclude name="ConstructorCallsOverridableMethod"/>
        <exclude name="DataflowAnomalyAnalysis"/>
        <exclude name="DoNotTerminateVM"/>
        <exclude name="DoNotThrowExceptionInFinally"/>
        <exclude name="EmptyIfStmt"/>
        <exclude name="EmptyWhileStmt"/>
        <exclude name="NullAssignment"/>
        <exclude name="UseProperClassLoader"/>
    </rule>
    <rule ref="category/java/errorprone.xml/AssignmentInOperand">
        <properties>
            <property name="allowWhile" value="true"/>
        </properties>
    </rule>
    <rule ref="category/java/errorprone.xml/EmptyCatchBlock">
        <properties>
            <property name="allowCommentedBlocks" value="true"/>
        </properties>
    </rule>
    <rule ref="category/java/multithreading.xml">
        <exclude name="AvoidSynchronizedAtMethodLevel"/>
        <exclude name="DoNotUseThreads"/>
        <exclude name="UseConcurrentHashMap"/>
    </rule>
    <rule ref="category/java/performance.xml">
        <exclude name="AvoidInstantiatingObjectsInLoops"/>
        <exclude name="ConsecutiveAppendsShouldReuse"/>
        <exclude name="ConsecutiveLiteralAppends"/>
        <exclude name="SimplifyStartsWith"/>
    </rule>
    <rule ref="category/java/security.xml"/>
</ruleset>
